Workbook

Sheet 見積
A1: Tsuii's 見積（前回の会話）
A2: 金額は三井さんから受け取った内訳のままです。税の記載はないので、10%は足していません。黄色の数量と単価を変えると金額が変わります。
A4: 区分 | B4: 項目 | C4: 数量 | D4: 単価 (円) | E4: 金額 (円) | F4: メモ
A5: フェザーリング | B5: フェザーリング | C5: 1 | D5: 60000 | E5: =C5*D5 -> 60000
B6: フェザーリング合計 | E6: =SUM(E5) -> 60000
A8: ネックレス | B8: 星形ビーズ シルバー | C8: 128 | D8: 3800 | E8: =C8*D8 -> 486400 | F8: 70cm分128個
B9: 星型ビーズ ゴールド | C9: 3 | D9: 60000 | E9: =C9*D9 -> 180000
B10: 星形ビーズ K18グリーン | C10: 1 | D10: 60000 | E10: =C10*D10 -> 60000
B11: 丸ビーズXL | C11: 2 | D11: 3100 | E11: =C11*D11 -> 6200
B12: 革紐 | C12: 1 | D12: 1500 | E12: =C12*D12 -> 1500
B13: ホイール旧型星金 | C13: 1 | D13: 25000 | E13: =C13*D13 -> 25000
B14: フェザーフック | C14: 1 | D14: 15000 | E14: =C14*D14 -> 15000
B15: アンティークビーズ血赤 | C15: 2 | D15: 3000 | E15: =C15*D15 -> 6000
B16: 7層シェブロンビーズ | C16: 1 | D16: 50000 | E16: =C16*D16 -> 50000
B17: K18ピンク先金フェザー | C17: 1 | D17: 330000 | E17: =C17*D17 -> 330000
B18: 先端シルバー星付け | C18: 1 | D18: 5000 | E18: =C18*D18 -> 5000
B19: フェザー取付ホイール | C19: 1 | D19: 15000 | E19: =C19*D19 -> 15000
B20: シルバーメタル | C20: 1 | D20: 5000 | E20: =C20*D20 -> 5000
... B23: 4層シェブロン | C23: 1 | D23: 1000 | E23: =C23*D23 -> 1000
B24: ネックレス合計 | E24: =SUM(E8:E23) -> 1200300
A26: ブレス | B26: 星ビーズ シルバー | C26: 29 | D26: 3800 | E26: =C26*D26 -> 110200
B27: 星ビーズ K18ビーズ | C27: 1 | D27: 60000 | E27: =C27*D27 -> 60000
B28: 丸ビーズL | C28: 2 | D28: 2700 | E28: =C28*D28 -> 5400
B29: ホイール旧型星金 | C29: 1 | D29: 25000 | E29: =C29*D29 -> 25000
B30: フェザーフック | C30: 1 | D30: 15000 | E30: =C30*D30 -> 15000
B31: シルバーメタル | C31: 1 | D31: 5000 | E31: =C31*D31 -> 5000
B32: アンティーク血赤ビーズ | C32: 2 | D32: 3000 | E32: =C32*D32 -> 6000
B33: 革紐 | C33: 1 | D33: 500 | E33: =C33*D33 -> 500
B34: ブレス合計 | E34: =SUM(E26:E33) -> 227100
A36: バンダナ コンチョ | B36: コンチョ | C36: 1 | D36: 8500 | E36: =C36*D36 -> 8500
B37: バンダナ コンチョ合計 | E37: =SUM(E36) -> 8500
B39: 見積合計 | E39: =E6+E24+E34+E37 -> 1495900

Sheet 使い方
A1: Tsuii's 価格表（下書き）
A2: Owner | B2: Kaoru Mitsui
A3: Brand | B3: Tsuii's / silver and gold, Indian jewelry style
A5: 何のための表か
A6: 三井さんの商品リストです。黄色のセルだけを書き換えます。販売価格は数式が計算します。
A7: このブックの数字（重量・工賃・オプション・初期レート）はサンプルです。実商品の数字に置き換えてください。
A9: 価格の式
A10: 税抜価格 = 重量(g) × 手入力レート(¥/g) + 工賃
A11: 税込価格 = ROUND(税抜価格 × (1 + 消費税率), 0)
A12: オプション税抜 = 追加重量(g) × その商品の地金レート + 追加固定円
A13: 手入力レートを変えると、商品シートとオプションシートの価格が一緒に変わります。
A15: 参照価格
A16: 参照価格は比較用です。販売価格には入りません。ダッシュボードの「本日の参照価格を取得」で日々の相場を見て、必要ならここの黄色セルも更新してください。
A17: 初期の参照価格は 2026-09-29 のスナップショットです。Gold-API の USD/troy oz × Frankfurter の USDJPY（2026-09-28: 156.88）。1 troy oz = 31.1034768 g。円/gは四捨五入。
A18: 手入力レートの初期値は、その参照価格を切りのいい数字に切り上げたサンプルです。
... A28: 税込表示（10%）、チェーンなどオプションの課金、コラボ品の出し方。実価格として使う前に三井さんの確認が必要です。

Sheet レート
A1: 地金レート
A2: 黄色のセルが入力です。販売価格が使うのは「手入力レート」だけです。
A4: 項目 | B4: 値
A5: 消費税率 | B5: 0.1 | C5: 税込価格に使います。10% なら 0.10。
A7: 地金 | B7: 手入力レート (¥/g) | C7: 参照価格 (¥/g) | D7: 差額 (¥/g) | E7: 差額率
A8: シルバー | B8: 310 | C8: 306 | D8: =B8-C8 -> 4 | E8: =IF(C8=0,"",D8/C8) -> 0.013071895
A9: ゴールド | B9: 21000 | C9: 20832 | D9: =B9-C9 -> 168 | E9: =IF(C9=0,"",D9/C9) -> 0.0080645161
A11: 参照スナップショット 2026-09-29: ゴールド $4,130.20/oz、シルバー $60.736/oz、USDJPY 156.88（Frankfurter 2026-09-28）。換算前はシルバー 306.34 円/g、ゴールド 20,831.94 円/g。
A12: 出典: https://api.gold-api.com/price/XAU と /XAG 、 https://api.frankfurter.app/latest?from=USD&to=JPY

Sheet 商品
A1: 商品リスト
A2: 税抜 = 重量 × 地金レート + 工賃。地金レートは「レート」シートの手入力です。重量・工賃はサンプル。
A3: 商品ID | B3: 商品名 | C3: カテゴリ | D3: 地金 | E3: 重量 (g) | F3: 工賃 (円) | G3: 地金レート (¥/g) | H3: 地金代 (円) | I3: 税抜価格 (円) | J3: 税込価格 (円) | K3: メモ
A4: SV-001 | B4: バングル「月輪」 | C4: バングル | D4: シルバー | E4: 28 | F4: 12000 | G4: =IF(D4="ゴールド",レート!$B$9,レート!$B$8) -> 310 | H4: =E4*G4 -> 8680 | I4: =H4+F4 -> 20680 | J4: =ROUND(I4*(1+レート!$B$5),0) -> 22748 | K4: サンプル。インドジュエリー風の幅広バングル。
A5: SV-002 | B5: リング「孔雀」 | C5: リング | D5: シルバー | E5: 8.5 | F5: 8000 | G5: =IF(D5="ゴールド",レート!$B$9,レート!$B$8) -> 310 | H5: =E5*G5 -> 2635 | I5: =H5+F5 -> 10635 | J5: =ROUND(I5*(1+レート!$B$5),0) -> 11699 | K5: サンプル。モチーフリング。
A6: SV-003 | B6: ピアス「ジュムカ」 | C6: ピアス | D6: シルバー | E6: 6 | F6: 9000 | G6: =IF(D6="ゴールド",レート!$B$9,レート!$B$8) -> 310 | H6: =E6*G6 -> 1860 | I6: =H6+F6 -> 10860 | J6: =ROUND(I6*(1+レート!$B$5),0) -> 11946 | K6: サンプル。ペア。鐘型のインド風ピアス。
A7: SV-004 | B7: ネックレス「星屑」 | C7: ネックレス | D7: シルバー | E7: 22 | F7: 15000 | G7: =IF(D7="ゴールド",レート!$B$9,レート!$B$8) -> 310 | H7: =E7*G7 -> 6820 | I7: =H7+F7 -> 21820 | J7: =ROUND(I7*(1+レート!$B$5),0) -> 24002 | K7: サンプル。小粒モチーフを連ねた一本。
A8: GD-001 | B8: ペンダント「陽だまり」 | C8: ペンダント | D8: ゴールド | E8: 3.2 | F8: 18000 | G8: =IF(D8="ゴールド",レート!$B$9,レート!$B$8) -> 21000 | H8: =E8*G8 -> 67200 | I8: =H8+F8 -> 85200 | J8: =ROUND(I8*(1+レート!$B$5),0) -> 93720 | K8: サンプル。トップのみ。チェーンはオプション。
A9: GD-002 | B9: リング「蓮」 | C9: リング | D9: ゴールド | E9: 4.5 | F9: 22000 | G9: =IF(D9="ゴールド",レート!$B$9,レート!$B$8) -> 21000 | H9: =E9*G9 -> 94500 | I9: =H9+F9 -> 116500 | J9: =ROUND(I9*(1+レート!$B$5),0) -> 128150 | K9: サンプル。蓮モチーフのゴールドリング。
A10: CL-001 | B10: シルバーパーツ（ARCANA） | C10: コラボ | D10: シルバー | E10: 5.5 | F10: 7000 | G10: =IF(D10="ゴールド",レート!$B$9,レート!$B$8) -> 310 | H10: =E10*G10 -> 1705 | I10: =H10+F10 -> 8705 | J10: =ROUND(I10*(1+レート!$B$5),0) -> 9576 | K10: サンプル。ARCANAのバッグ用シルバーパーツ。
A11: CL-002 | B11: ゴールドチャーム（Forty Niners） | C11: コラボ | D11: ゴールド | E11: 2 | F11: 10000 | G11: =IF(D11="ゴールド",レート!$B$9,レート!$B$8) -> 21000 | H11: =E11*G11 -> 42000 | I11: =H11+F11 -> 52000 | J11: =ROUND(I11*(1+レート!$B$5),0) -> 57200 | K11: サンプル。Forty Ninersとのコラボチャーム。
I13: 税込合計 | J13: =SUM(J4:J11) -> 359041 | K13: メニュー全点の税込合計。オプションは含みません。

Sheet オプション
A1: オプション（カスタム）
A2: 税抜 = 追加重量 × その商品の地金レート + 追加固定円。シルバーチェーンのように地金が違うものは、追加重量を 0 にして固定円で入れてください。
A3: 商品ID | B3: 商品名 | C3: オプション名 | D3: 追加重量 (g) | E3: 追加固定 (円) | F3: 地金 | G3: 地金レート (¥/g) | H3: 税抜 (円) | I3: 税込 (円)
A4: SV-001 | B4: =IF(A4="","",INDEX(商品!$B$4:$B$11,MATCH(A4,商品!$A$4:$A$11,0))) -> バングル「月輪」 | C4: サイズ調整 | D4: 0 | E4: 2500 | F4: =IF(A4="","",INDEX(商品!$D$4:$D$11,MATCH(A4,商品!$A$4:$A$11,0))) -> シルバー | G4: =IF(F4="","",IF(F4="ゴールド",レート!$B$9,レート!$B$8)) -> 310 | H4: =IF(A4="","",D4*G4+E4) -> 2500 | I4: =IF(A4="","",ROUND(H4*(1+レート!$B$5),0)) -> 2750
A5: SV-001 | B5: =IF(A5="","",INDEX(商品!$B$4:$B$11,MATCH(A5,商品!$A$4:$A$11,0))) -> バングル「月輪」 | C5: 内側刻印 | D5: 0 | E5: 1500 | F5: =IF(A5="","",INDEX(商品!$D$4:$D$11,MATCH(A5,商品!$A$4:$A$11,0))) -> シルバー | G5: =IF(F5="","",IF(F5="ゴールド",レート!$B$9,レート!$B$8)) -> 310 | H5: =IF(A5="","",D5*G5+E5) -> 1500 | I5: =IF(A5="","",ROUND(H5*(1+レート!$B$5),0)) -> 1650
A6: SV-002 | B6: =IF(A6="","",INDEX(商品!$B$4:$B$11,MATCH(A6,商品!$A$4:$A$11,0))) -> リング「孔雀」 | C6: 石留め | D6: 0 | E6: 4000 | F6: =IF(A6="","",INDEX(商品!$D$4:$D$11,MATCH(A6,商品!$A$4:$A$11,0))) -> シルバー | G6: =IF(F6="","",IF(F6="ゴールド",レート!$B$9,レート!$B$8)) -> 310 | H6: =IF(A6="","",D6*G6+E6) -> 4000 | I6: =IF(A6="","",ROUND(H6*(1+レート!$B$5),0)) -> 4400
A7: SV-003 | B7: =IF(A7="","",INDEX(商品!$B$4:$B$11,MATCH(A7,商品!$A$4:$A$11,0))) -> ピアス「ジュムカ」 | C7: シリコンキャッチ | D7: 0 | E7: 800 | F7: =IF(A7="","",INDEX(商品!$D$4:$D$11,MATCH(A7,商品!$A$4:$A$11,0))) -> シルバー | G7: =IF(F7="","",IF(F7="ゴールド",レート!$B$9,レート!$B$8)) -> 310 | H7: =IF(A7="","",D7*G7+E7) -> 800 | I7: =IF(A7="","",ROUND(H7*(1+レート!$B$5),0)) -> 880
A8: SV-004 | B8: =IF(A8="","",INDEX(商品!$B$4:$B$11,MATCH(A8,商品!$A$4:$A$11,0))) -> ネックレス「星屑」 | C8: アジャスター +5cm | D8: 1.2 | E8: 0 | F8: =IF(A8="","",INDEX(商品!$D$4:$D$11,MATCH(A8,商品!$A$4:$A$11,0))) -> シルバー | G8: =IF(F8="","",IF(F8="ゴールド",レート!$B$9,レート!$B$8)) -> 310 | H8: =IF(A8="","",D8*G8+E8) -> 372 | I8: =IF(A8="","",ROUND(H8*(1+レート!$B$5),0)) -> 409
A9: GD-001 | B9: =IF(A9="","",INDEX(商品!$B$4:$B$11,MATCH(A9,商品!$A$4:$A$11,0))) -> ペンダント「陽だまり」 | C9: ゴールドチェーン 45cm | D9: 2 | E9: 4000 | F9: =IF(A9="","",INDEX(商品!$D$4:$D$11,MATCH(A9,商品!$A$4:$A$11,0))) -> ゴールド | G9: =IF(F9="","",IF(F9="ゴールド",レート!$B$9,レート!$B$8)) -> 21000 | H9: =IF(A9="","",D9*G9+E9) -> 46000 | I9: =IF(A9="","",ROUND(H9*(1+レート!$B$5),0)) -> 50600
A10: GD-001 | B10: =IF(A10="","",INDEX(商品!$B$4:$B$11,MATCH(A10,商品!$A$4:$A$11,0))) -> ペンダント「陽だまり」 | C10: シルバーチェーン 45cm | D10: 0 | E10: 6000 | F10: =IF(A10="","",INDEX(商品!$D$4:$D$11,MATCH(A10,商品!$A$4:$A$11,0))) -> ゴールド | G10: =IF(F10="","",IF(F10="ゴールド",レート!$B$9,レート!$B$8)) -> 21000 | H10: =IF(A10="","",D10*G10+E10) -> 6000 | I10: =IF(A10="","",ROUND(H10*(1+レート!$B$5),0)) -> 6600
A11: GD-002 | B11: =IF(A11="","",INDEX(商品!$B$4:$B$11,MATCH(A11,商品!$A$4:$A$11,0))) -> リング「蓮」 | C11: サイズ直し | D11: 0 | E11: 3000 | F11: =IF(A11="","",INDEX(商品!$D$4:$D$11,MATCH(A11,商品!$A$4:$A$11,0))) -> ゴールド | G11: =IF(F11="","",IF(F11="ゴールド",レート!$B$9,レート!$B$8)) -> 21000 | H11: =IF(A11="","",D11*G11+E11) -> 3000 | I11: =IF(A11="","",ROUND(H11*(1+レート!$B$5),0)) -> 3300
A12: CL-001 | B12: =IF(A12="","",INDEX(商品!$B$4:$B$11,MATCH(A12,商品!$A$4:$A$11,0))) -> シルバーパーツ（ARCANA） | C12: バレル仕上げ | D12: 0 | E12: 2000 | F12: =IF(A12="","",INDEX(商品!$D$4:$D$11,MATCH(A12,商品!$A$4:$A$11,0))) -> シルバー | G12: =IF(F12="","",IF(F12="ゴールド",レート!$B$9,レート!$B$8)) -> 310 | H12: =IF(A12="","",D12*G12+E12) -> 2000 | I12: =IF(A12="","",ROUND(H12*(1+レート!$B$5),0)) -> 2200
A13: CL-002 | B13: =IF(A13="","",INDEX(商品!$B$4:$B$11,MATCH(A13,商品!$A$4:$A$11,0))) -> ゴールドチャーム（Forty Niners） | C13: 刻印 | D13: 0 | E13: 2000 | F13: =IF(A13="","",INDEX(商品!$D$4:$D$11,MATCH(A13,商品!$A$4:$A$11,0))) -> ゴールド | G13: =IF(F13="","",IF(F13="ゴールド",レート!$B$9,レート!$B$8)) -> 21000 | H13: =IF(A13="","",D13*G13+E13) -> 2000 | I13: =IF(A13="","",ROUND(H13*(1+レート!$B$5),0)) -> 2200
